song_id,title,release_date,url
466082,Seen It All,"June 30, 2014",https://genius.com/Jeezy-seen-it-all-lyrics
59392,I Do,"January 10, 2012",https://genius.com/Jeezy-i-do-lyrics
601,Put On,"June 3, 2008",https://genius.com/Jeezy-put-on-lyrics
61453,Leave You Alone,"December 14, 2011",https://genius.com/Jeezy-leave-you-alone-lyrics
102343,R.I.P.,"December 12, 2012",https://genius.com/Jeezy-rip-lyrics
3351445,American Dream,"December 14, 2017",https://genius.com/Jeezy-american-dream-lyrics
487,My President,"September 2, 2008",https://genius.com/Jeezy-my-president-lyrics
61452,All We Do,"December 20, 2011",https://genius.com/Jeezy-all-we-do-lyrics
71,Go Crazy,"August 16, 2005",https://genius.com/Jeezy-go-crazy-lyrics
669,Soul Survivor,"July 16, 2005",https://genius.com/Jeezy-soul-survivor-lyrics
2875509,All There,"October 6, 2016",https://genius.com/Jeezy-all-there-lyrics
999,And Then What,"June 7, 2005",https://genius.com/Jeezy-and-then-what-lyrics
56503,F.A.M.E.,"October 11, 2011",https://genius.com/Jeezy-fame-lyrics
511,Lose My Mind,"March 30, 2010",https://genius.com/Jeezy-lose-my-mind-lyrics
48401,Trap or Die,"July 26, 2005",https://genius.com/Jeezy-trap-or-die-lyrics
61314,SupaFreak,"December 14, 2011",https://genius.com/Jeezy-supafreak-lyrics
61451,Way Too Gone,"December 14, 2011",https://genius.com/Jeezy-way-too-gone-lyrics
92347,Get Right,"December 12, 2012",https://genius.com/Jeezy-get-right-lyrics
48379,J.E.E.Z.Y.,"December 12, 2006",https://genius.com/Jeezy-jeezy-lyrics
500929,Holy Ghost,"September 2, 2014",https://genius.com/Jeezy-holy-ghost-lyrics
48390,Get Ya Mind Right,"January 25, 2005",https://genius.com/Jeezy-get-ya-mind-right-lyrics
1996190,Spaceships On Bankhead,"November 13, 2006",https://genius.com/Jeezy-spaceships-on-bankhead-lyrics
48380,I Luv It,"October 24, 2006",https://genius.com/Jeezy-i-luv-it-lyrics
425141,Me OK,"May 30, 2014",https://genius.com/Jeezy-me-ok-lyrics
61454,Everythang,"December 14, 2011",https://genius.com/Jeezy-everythang-lyrics
5823,Ballin’,"May 17, 2011",https://genius.com/Jeezy-ballin-lyrics
48394,Tear It Up,"July 26, 2005",https://genius.com/Jeezy-tear-it-up-lyrics
61060,OJ,"December 14, 2011",https://genius.com/Jeezy-oj-lyrics
230,Thug Motivation 101,"July 26, 2005",https://genius.com/Jeezy-thug-motivation-101-lyrics
996,Standing Ovation,"July 26, 2005",https://genius.com/Jeezy-standing-ovation-lyrics
505972,Fuck the World,"September 2, 2014",https://genius.com/Jeezy-fuck-the-world-lyrics
77955,Jeezy The Snowman,"February 7, 2006",https://genius.com/Jeezy-jeezy-the-snowman-lyrics
2637,Trap Star,"July 26, 2005",https://genius.com/Jeezy-trap-star-lyrics
1704,Gangsta Music,"July 26, 2005",https://genius.com/Jeezy-gangsta-music-lyrics
48412,Stay Strapped,"May 9, 2005",https://genius.com/Jeezy-stay-strapped-lyrics
48388,Air Forces,"July 26, 2005",https://genius.com/Jeezy-air-forces-lyrics
48393,Let’s Get It / Sky’s the Limit,"July 26, 2005",https://genius.com/Jeezy-lets-get-it-skys-the-limit-lyrics
855,All White Everything,"July 6, 2010",https://genius.com/Jeezy-all-white-everything-lyrics
102507,El Jefe,"December 12, 2012",https://genius.com/Jeezy-el-jefe-lyrics
50993,The Real Is Back (Intro),,https://genius.com/Jeezy-the-real-is-back-intro-lyrics
465,Ill’in,"May 4, 2010",https://genius.com/Jeezy-illin-lyrics
511558,Beez Like,"September 2, 2014",https://genius.com/Jeezy-beez-like-lyrics
6182620,Therapy for My Soul,"November 18, 2020",https://genius.com/Jeezy-therapy-for-my-soul-lyrics
56730,I’m Back,"February 7, 2006",https://genius.com/Jeezy-im-back-lyrics
495221,Beautiful,"September 2, 2014",https://genius.com/Jeezy-beautiful-lyrics
2854780,Let Em Know,"September 9, 2016",https://genius.com/Jeezy-let-em-know-lyrics
61878,This One’s For You,"December 20, 2011",https://genius.com/Jeezy-this-ones-for-you-lyrics
61450,Nothing,"December 14, 2011",https://genius.com/Jeezy-nothing-lyrics
48375,Go Getta,"December 11, 2006",https://genius.com/Jeezy-go-getta-lyrics
505930,4 Zones,"September 2, 2014",https://genius.com/Jeezy-4-zones-lyrics
1923,24 - 23,"June 15, 2009",https://genius.com/Jeezy-24-23-lyrics
61444,Waiting,"December 14, 2011",https://genius.com/Jeezy-waiting-lyrics
5839,Who Dat,"September 2, 2008",https://genius.com/Jeezy-who-dat-lyrics
157799,4 What,"June 25, 2013",https://genius.com/Jeezy-4-what-lyrics
48386,Bottom of the Map,"July 26, 2005",https://genius.com/Jeezy-bottom-of-the-map-lyrics
202555,No Pressure,,https://genius.com/Jeezy-no-pressure-lyrics
60748,Just Like That (This Is What I Do),"December 4, 2011",https://genius.com/Jeezy-just-like-that-this-is-what-i-do-lyrics
48399,Amazin’,"September 2, 2008",https://genius.com/Jeezy-amazin-lyrics
48407,Vacation,"August 12, 2008",https://genius.com/Jeezy-vacation-lyrics
48396,My Hood,"July 26, 2005",https://genius.com/Jeezy-my-hood-lyrics
