name,aliases,region,era
2Pac,Tupac;Makaveli;2Pac Shakur,West,1990s
The Notorious B.I.G.,Biggie;Biggie Smalls;Notorious B.I.G.;Notorious BIG,East,1990s
Nas,Nasty Nas;Escobar,East,1990s
JAY-Z,Jay-Z;Jay Z;Hov;Jigga,East,1990s
Snoop Dogg,Snoop Doggy Dogg;Snoop,West,1990s
Ice Cube,Cube,West,1990s
Ghostface Killah,Ghostface;Tony Starks,East,1990s
Method Man,Meth;Johnny Blaze,East,1990s
Mobb Deep,Prodigy;Havoc,East,1990s
OutKast,André 3000;Andre 3000;Big Boi;André;Andre,South,1990s
UGK,Pimp C;Bun B,South,1990s
Three 6 Mafia,DJ Paul;Juicy J;Lord Infamous;Gangsta Boo;Crunchy Black;Koopsta Knicca,South,1990s
Scarface,Face,South,1990s
Bone Thugs-N-Harmony,Bizzy Bone;Krayzie Bone;Layzie Bone;Wish Bone;Flesh-n-Bone,Midwest,1990s
DMX,X,East,1990s
Big Pun,Big Punisher,East,1990s
Busta Rhymes,Busta,East,1990s
Eminem,Slim Shady;Marshall Mathers,Midwest,2000s
50 Cent,50,East,2000s
Lil Wayne,Weezy;Wayne,South,2000s
Kanye West,Ye;Kanye,Midwest,2000s
T.I.,TI;Tip,South,2000s
Ludacris,Luda,South,2000s
Jeezy,Young Jeezy,South,2000s
Gucci Mane,Gucci,South,2000s
Rick Ross,Rozay;Ricky Rozay,South,2000s
Lupe Fiasco,Lupe,Midwest,2000s
Clipse,Pusha T;Malice;No Malice;Pusha,East,2000s
MF DOOM,DOOM;Viktor Vaughn;King Geedorah;Metal Face,East,2000s
The Game,Game,West,2000s
Cam'ron,Cam;Killa Cam,East,2000s
Drake,Drizzy,Canada,2010s
Kendrick Lamar,Kendrick;K.Dot,West,2010s
J. Cole,J Cole;Cole,South,2010s
ScHoolboy Q,Schoolboy Q,West,2010s
Nicki Minaj,Nicki,East,2010s
Future,Pluto;Future Hendrix,South,2010s
Migos,Quavo;Offset;Takeoff,South,2010s
Travis Scott,Travi$ Scott;La Flame,South,2010s
A$AP Rocky,ASAP Rocky;Rocky,East,2010s
"Tyler, The Creator",Tyler;Tyler the Creator,West,2010s
Young Thug,Thug;Thugger,South,2010s
Chief Keef,Sosa;Keef,Midwest,2010s
Meek Mill,Meek,East,2010s
Nipsey Hussle,Nipsey,West,2010s
Mac Miller,Mac,East,2010s
Chance the Rapper,Chance,Midwest,2010s
21 Savage,21,South,2010s
Lil Durk,Durk;Durkio,Midwest,2010s
YoungBoy Never Broke Again,NBA YoungBoy;YoungBoy;NBA Youngboy,South,2010s
Denzel Curry,Zel,South,2010s
JID,J.I.D,South,2010s
Lil Baby,Baby,South,2020s
DaBaby,Baby Jesus,South,2020s
Pop Smoke,Smoke,East,2020s
Megan Thee Stallion,Megan;Meg,South,2020s
Lil Uzi Vert,Uzi,East,2020s
Playboi Carti,Carti,South,2020s
Polo G,Polo,Midwest,2020s
Roddy Ricch,Roddy,West,2020s
Jack Harlow,Harlow,South,2020s
Ice Spice,Spice,East,2020s
GloRilla,Glo,South,2020s
Doechii,,South,2020s
Conway the Machine,Conway,East,2020s
Central Cee,Cench,UK,2020s
