artist,2Pac,The Notorious B.I.G.,Nas,JAY-Z,Snoop Dogg,Ice Cube,Ghostface Killah,Method Man,Mobb Deep,OutKast,UGK,Three 6 Mafia,Scarface,Bone Thugs-N-Harmony,DMX,Big Pun,Busta Rhymes,Eminem,50 Cent,Lil Wayne,Kanye West,T.I.,Ludacris,Jeezy,Gucci Mane,Rick Ross,Lupe Fiasco,Clipse,MF DOOM,The Game,Cam'ron,Drake,Kendrick Lamar,J. Cole,ScHoolboy Q,Nicki Minaj,Future,Migos,Travis Scott,A$AP Rocky,"Tyler, The Creator",Young Thug,Chief Keef,Meek Mill,Nipsey Hussle,Mac Miller,Chance the Rapper,21 Savage,Lil Durk,YoungBoy Never Broke Again,Denzel Curry,JID,Lil Baby,DaBaby,Pop Smoke,Megan Thee Stallion,Lil Uzi Vert,Playboi Carti,Polo G,Roddy Ricch,Jack Harlow,Ice Spice,GloRilla,Doechii,Conway the Machine,Central Cee
2Pac,0.00000,0.92579,0.92421,0.92719,0.92232,0.92473,0.93456,0.92720,0.92252,0.92650,0.92569,0.92539,0.91658,0.92295,0.92263,0.92579,0.92738,0.92841,0.92352,0.92755,0.92517,0.92356,0.92792,0.92544,0.93283,0.92664,0.93379,0.92977,0.93692,0.92993,0.93477,0.92228,0.92418,0.91854,0.92868,0.93479,0.92933,0.93724,0.93211,0.92704,0.93001,0.93727,0.94093,0.92705,0.92358,0.92287,0.93320,0.93475,0.92992,0.92783,0.92685,0.92666,0.92839,0.93183,0.93982,0.93311,0.94007,0.94591,0.92376,0.93161,0.92732,0.94115,0.93277,0.93196,0.93045,0.93279
The Notorious B.I.G.,0.92579,0.00000,0.92253,0.92307,0.92477,0.92362,0.92562,0.92412,0.92105,0.92559,0.92748,0.92648,0.92465,0.93145,0.92856,0.92210,0.92965,0.93008,0.92336,0.93004,0.92827,0.92630,0.92569,0.92889,0.93241,0.92710,0.93363,0.92877,0.93124,0.92434,0.92815,0.93003,0.92899,0.92565,0.92863,0.93358,0.93367,0.93755,0.93629,0.92927,0.93049,0.93893,0.94292,0.93074,0.92848,0.93075,0.93328,0.93715,0.93528,0.93645,0.92900,0.92998,0.93255,0.93581,0.94058,0.93734,0.94256,0.94787,0.92873,0.93542,0.93307,0.94249,0.93757,0.93633,0.93250,0.93380
Nas,0.92421,0.92253,0.00000,0.92002,0.92932,0.92748,0.92145,0.92357,0.91718,0.92498,0.93193,0.93034,0.92217,0.93147,0.93011,0.92010,0.92986,0.92689,0.92481,0.93077,0.92471,0.92471,0.92652,0.92908,0.93341,0.92459,0.92638,0.92173,0.92634,0.92388,0.92687,0.92811,0.92158,0.92102,0.92873,0.93323,0.93232,0.93863,0.93692,0.93009,0.92994,0.94060,0.94524,0.92919,0.92386,0.92774,0.92985,0.93888,0.93393,0.93632,0.92568,0.92610,0.92967,0.93674,0.94308,0.93939,0.94399,0.95021,0.92493,0.93474,0.93064,0.94457,0.93972,0.93661,0.92996,0.93045
JAY-Z,0.92719,0.92307,0.92002,0.00000,0.92752,0.92625,0.92677,0.92555,0.92456,0.92419,0.92998,0.93126,0.92374,0.93343,0.92924,0.92401,0.92828,0.92490,0.92393,0.92521,0.91964,0.92245,0.92328,0.92460,0.92943,0.92137,0.92703,0.92236,0.93263,0.92242,0.92643,0.92366,0.92134,0.92003,0.92554,0.92959,0.92866,0.93508,0.93343,0.92562,0.92524,0.93682,0.94276,0.92516,0.91998,0.92596,0.92691,0.93679,0.93192,0.93470,0.92508,0.92535,0.92621,0.93350,0.94027,0.93625,0.94004,0.94756,0.92454,0.93100,0.92646,0.94063,0.93530,0.93309,0.92933,0.92834
Snoop Dogg,0.92232,0.92477,0.92932,0.92752,0.00000,0.92065,0.93177,0.92528,0.92629,0.92315,0.92151,0.92368,0.92132,0.92680,0.92631,0.92922,0.92680,0.92950,0.92183,0.92566,0.92462,0.92337,0.92188,0.92193,0.92846,0.92783,0.93349,0.93076,0.93687,0.92599,0.93150,0.92620,0.92690,0.92155,0.92562,0.92994,0.92829,0.93406,0.93116,0.92543,0.92867,0.93446,0.93930,0.92554,0.92462,0.92504,0.93094,0.93370,0.93244,0.93163,0.92754,0.92699,0.92671,0.92938,0.93738,0.93214,0.93860,0.94388,0.92825,0.92982,0.92746,0.93922,0.93245,0.93060,0.93057,0.93337
Ice Cube,0.92473,0.92362,0.92748,0.92625,0.92065,0.00000,0.92989,0.92514,0.92513,0.92364,0.92338,0.92575,0.92132,0.92822,0.92875,0.92654,0.93100,0.92659,0.92437,0.92835,0.92581,0.92505,0.92344,0.92816,0.93277,0.92863,0.93131,0.93129,0.93295,0.92490,0.92994,0.93001,0.92605,0.92584,0.92912,0.93286,0.93358,0.93688,0.93684,0.93150,0.92872,0.93780,0.94244,0.93049,0.92744,0.92991,0.93029,0.93698,0.93544,0.93582,0.92625,0.92868,0.93073,0.93368,0.94182,0.93679,0.94174,0.94835,0.92925,0.93450,0.93155,0.94405,0.93714,0.93536,0.93340,0.93362
Ghostface Killah,0.93456,0.92562,0.92145,0.92677,0.93177,0.92989,0.00000,0.92497,0.92521,0.92818,0.93456,0.93442,0.93160,0.93852,0.93522,0.92654,0.93383,0.93156,0.93030,0.93328,0.93237,0.93176,0.92948,0.93193,0.93668,0.93099,0.93062,0.92708,0.92726,0.92844,0.92854,0.93462,0.93094,0.93160,0.93313,0.93655,0.93635,0.93940,0.93936,0.93366,0.93334,0.94188,0.94730,0.93352,0.93199,0.93510,0.93340,0.94121,0.93949,0.94198,0.93094,0.93201,0.93494,0.93975,0.94494,0.94258,0.94590,0.95127,0.93269,0.93894,0.93619,0.94775,0.94258,0.93869,0.93545,0.93673
Method Man,0.92720,0.92412,0.92357,0.92555,0.92528,0.92514,0.92497,0.00000,0.91992,0.92485,0.93010,0.92913,0.92560,0.93065,0.92911,0.92118,0.92687,0.92867,0.92548,0.93034,0.93008,0.92767,0.92514,0.92980,0.93595,0.93005,0.93058,0.92812,0.92921,0.92754,0.92896,0.93164,0.92893,0.92695,0.92906,0.93381,0.93465,0.93965,0.93849,0.93147,0.93170,0.94017,0.94484,0.93270,0.92888,0.93209,0.93324,0.93977,0.93754,0.93807,0.92682,0.92792,0.93427,0.93743,0.94275,0.93910,0.94484,0.94985,0.93083,0.93872,0.93347,0.94554,0.93943,0.93624,0.93409,0.93517
Mobb Deep,0.92252,0.92105,0.91718,0.92456,0.92629,0.92513,0.92521,0.91992,0.00000,0.92483,0.92887,0.92521,0.92127,0.92836,0.92487,0.91872,0.92608,0.92802,0.92233,0.93078,0.92794,0.92438,0.92658,0.92861,0.93617,0.92745,0.93088,0.92762,0.92906,0.92722,0.92950,0.92879,0.92558,0.92393,0.92859,0.93503,0.93335,0.93839,0.93559,0.93061,0.93070,0.94009,0.94349,0.93018,0.92473,0.92870,0.93321,0.93773,0.93449,0.93477,0.92600,0.92630,0.92914,0.93593,0.94109,0.93766,0.94338,0.94848,0.92366,0.93486,0.93133,0.94481,0.93766,0.93643,0.93055,0.93219
OutKast,0.92650,0.92559,0.92498,0.92419,0.92315,0.92364,0.92818,0.92485,0.92483,0.00000,0.92500,0.92727,0.92224,0.93026,0.93034,0.92680,0.92941,0.92527,0.92716,0.92879,0.92582,0.92367,0.92110,0.92723,0.93145,0.92832,0.92738,0.92712,0.93088,0.92792,0.92927,0.92739,0.92399,0.92278,0.92774,0.93359,0.93354,0.93756,0.93450,0.92822,0.92636,0.93842,0.94331,0.93018,0.92634,0.92680,0.92909,0.93844,0.93516,0.93514,0.92671,0.92525,0.93047,0.93466,0.94360,0.93635,0.94190,0.94883,0.92872,0.93604,0.92755,0.94349,0.93681,0.93229,0.93403,0.93130
UGK,0.92569,0.92748,0.93193,0.92998,0.92151,0.92338,0.93456,0.93010,0.92887,0.92500,0.00000,0.92336,0.92114,0.92828,0.92849,0.93178,0.93097,0.93417,0.92417,0.92784,0.92929,0.92409,0.92661,0.92436,0.92767,0.92880,0.93670,0.93336,0.93938,0.92952,0.93323,0.92890,0.93099,0.92634,0.92917,0.93326,0.92979,0.93417,0.93494,0.92680,0.93162,0.93468,0.93881,0.92698,0.92656,0.92990,0.93442,0.93310,0.93180,0.93132,0.93089,0.93021,0.92734,0.92989,0.93896,0.93371,0.93988,0.94376,0.92921,0.93067,0.93102,0.94200,0.93285,0.93352,0.93155,0.93623
Three 6 Mafia,0.92539,0.92648,0.93034,0.93126,0.92368,0.92575,0.93442,0.92913,0.92521,0.92727,0.92336,0.00000,0.92479,0.92386,0.92915,0.92880,0.93048,0.93264,0.92601,0.93040,0.93113,0.92791,0.92613,0.92920,0.93198,0.93069,0.93633,0.93439,0.93779,0.93030,0.93564,0.93165,0.93162,0.92768,0.92972,0.93472,0.93212,0.93719,0.93494,0.92953,0.93251,0.93708,0.93963,0.93106,0.92951,0.93039,0.93547,0.93566,0.93361,0.93292,0.92882,0.93036,0.93010,0.93440,0.94062,0.93488,0.94167,0.94472,0.92880,0.93467,0.93362,0.94336,0.93610,0.93640,0.93383,0.93776
Scarface,0.91658,0.92465,0.92217,0.92374,0.92132,0.92132,0.93160,0.92560,0.92127,0.92224,0.92114,0.92479,0.00000,0.92405,0.92283,0.92431,0.92882,0.92526,0.92167,0.92494,0.92312,0.92026,0.92423,0.92336,0.93136,0.92560,0.92940,0.92772,0.93356,0.92602,0.93174,0.92204,0.92182,0.91755,0.92623,0.93360,0.93065,0.93711,0.93400,0.92645,0.92537,0.93733,0.94172,0.92640,0.92046,0.92408,0.92803,0.93499,0.92946,0.92809,0.92383,0.92400,0.92665,0.93191,0.94143,0.93502,0.94162,0.94692,0.91994,0.93089,0.92656,0.94310,0.93323,0.93209,0.92995,0.92981
Bone Thugs-N-Harmony,0.92295,0.93145,0.93147,0.93343,0.92680,0.92822,0.93852,0.93065,0.92836,0.93026,0.92828,0.92386,0.92405,0.00000,0.92923,0.92985,0.93103,0.93401,0.92884,0.93398,0.93235,0.92946,0.93142,0.93156,0.93784,0.93332,0.93874,0.93679,0.94031,0.93396,0.93814,0.93131,0.93232,0.92796,0.93305,0.93831,0.93567,0.93983,0.93833,0.93281,0.93647,0.94183,0.94427,0.93247,0.92983,0.93096,0.93841,0.93988,0.93619,0.93414,0.93270,0.93093,0.93265,0.93716,0.94287,0.93913,0.94531,0.94924,0.93002,0.93801,0.93534,0.94468,0.93793,0.93684,0.93552,0.93810
DMX,0.92263,0.92856,0.93011,0.92924,0.92631,0.92875,0.93522,0.92911,0.92487,0.93034,0.92849,0.92915,0.92283,0.92923,0.00000,0.92822,0.92843,0.92957,0.92403,0.92929,0.92693,0.92650,0.93086,0.92798,0.93414,0.93280,0.93718,0.93395,0.93820,0.93110,0.93332,0.92341,0.92990,0.92340,0.93306,0.93351,0.93178,0.93732,0.93448,0.93055,0.92903,0.93569,0.94014,0.92744,0.92876,0.92572,0.93526,0.93518,0.93028,0.92801,0.93234,0.92861,0.92866,0.92916,0.93717,0.93187,0.93870,0.94443,0.92707,0.93413,0.92943,0.93865,0.93035,0.93314,0.92869,0.93481
Big Pun,0.92579,0.92210,0.92010,0.92401,0.92922,0.92654,0.92654,0.92118,0.91872,0.92680,0.93178,0.92880,0.92431,0.92985,0.92822,0.00000,0.92825,0.92677,0.92555,0.93083,0.92987,0.92730,0.92654,0.93186,0.93612,0.92784,0.93012,0.92809,0.93004,0.92752,0.92837,0.93077,0.92619,0.92548,0.92997,0.93562,0.93467,0.93920,0.93838,0.93217,0.93127,0.94149,0.94517,0.93306,0.92791,0.93079,0.93259,0.93939,0.93731,0.93824,0.92768,0.92857,0.93217,0.93818,0.94324,0.94075,0.94547,0.95160,0.92882,0.93778,0.93370,0.94565,0.94064,0.93623,0.93301,0.93366
Busta Rhymes,0.92738,0.92965,0.92986,0.92828,0.92680,0.93100,0.93383,0.92687,0.92608,0.92941,0.93097,0.93048,0.92882,0.93103,0.92843,0.92825,0.00000,0.93221,0.92632,0.93020,0.92837,0.92760,0.92814,0.92963,0.93428,0.93097,0.93500,0.93199,0.93666,0.93303,0.93476,0.92734,0.92941,0.92700,0.93301,0.93275,0.93311,0.93734,0.93371,0.93027,0.93113,0.93837,0.94317,0.93115,0.92729,0.92851,0.93435,0.93928,0.93542,0.93531,0.93070,0.92890,0.93156,0.93450,0.93983,0.93563,0.94157,0.94686,0.92959,0.93574,0.93050,0.94192,0.93595,0.93255,0.93148,0.93611
Eminem,0.92841,0.93008,0.92689,0.92490,0.92950,0.92659,0.93156,0.92867,0.92802,0.92527,0.93417,0.93264,0.92526,0.93401,0.92957,0.92677,0.93221,0.00000,0.92861,0.92938,0.92463,0.92595,0.92509,0.93137,0.93479,0.93079,0.92895,0.92923,0.93202,0.92682,0.93086,0.92432,0.92279,0.92358,0.93304,0.93338,0.93535,0.94053,0.93706,0.93249,0.92456,0.93984,0.94567,0.93312,0.92961,0.92411,0.93010,0.94049,0.93563,0.93535,0.92778,0.92695,0.93108,0.93543,0.94530,0.93737,0.94360,0.95011,0.92797,0.93847,0.92757,0.94295,0.93717,0.93294,0.93279,0.92870
50 Cent,0.92352,0.92336,0.92481,0.92393,0.92183,0.92437,0.93030,0.92548,0.92233,0.92716,0.92417,0.92601,0.92167,0.92884,0.92403,0.92555,0.92632,0.92861,0.00000,0.92481,0.92472,0.92049,0.92393,0.92081,0.92645,0.92475,0.93380,0.92683,0.93496,0.92241,0.92760,0.92486,0.92696,0.92193,0.92404,0.92796,0.92640,0.93110,0.93164,0.92464,0.92773,0.93330,0.93556,0.92168,0.92164,0.92638,0.93176,0.93045,0.92865,0.92736,0.92703,0.92545,0.92297,0.92801,0.93338,0.93142,0.93690,0.94269,0.92352,0.92870,0.92782,0.93733,0.93145,0.93108,0.92566,0.93130
Lil Wayne,0.92755,0.93004,0.93077,0.92521,0.92566,0.92835,0.93328,0.93034,0.93078,0.92879,0.92784,0.93040,0.92494,0.93398,0.92929,0.93083,0.93020,0.92938,0.92481,0.00000,0.92242,0.92350,0.92651,0.92241,0.92626,0.92541,0.93226,0.93022,0.93673,0.92758,0.93177,0.92385,0.92607,0.92234,0.92625,0.92709,0.92603,0.93013,0.93021,0.92459,0.92475,0.93030,0.93651,0.92333,0.92482,0.92278,0.93014,0.93012,0.92836,0.92837,0.92871,0.92612,0.92315,0.92722,0.93556,0.93014,0.93419,0.93935,0.92576,0.92753,0.92678,0.93698,0.93054,0.92912,0.92831,0.93286
Kanye West,0.92517,0.92827,0.92471,0.91964,0.92462,0.92581,0.93237,0.93008,0.92794,0.92582,0.92929,0.93113,0.92312,0.93235,0.92693,0.92987,0.92837,0.92463,0.92472,0.92242,0.00000,0.92042,0.92415,0.92284,0.92688,0.92381,0.92894,0.92705,0.93610,0.92386,0.92825,0.91635,0.91999,0.91673,0.92614,0.92621,0.92587,0.93420,0.92748,0.92527,0.92247,0.93267,0.93966,0.92176,0.92068,0.91939,0.92477,0.93249,0.92680,0.92837,0.92623,0.92341,0.92172,0.92663,0.93625,0.93157,0.93472,0.94226,0.92131,0.92632,0.91997,0.93660,0.93039,0.92811,0.92678,0.92642
T.I.,0.92356,0.92630,0.92471,0.92245,0.92337,0.92505,0.93176,0.92767,0.92438,0.92367,0.92409,0.92791,0.92026,0.92946,0.92650,0.92730,0.92760,0.92595,0.92049,0.92350,0.92042,0.00000,0.92269,0.91852,0.92520,0.92115,0.92924,0.92503,0.93451,0.92430,0.92888,0.92081,0.92132,0.91811,0.92347,0.92776,0.92462,0.93073,0.93006,0.92367,0.92475,0.93149,0.93669,0.92085,0.91805,0.92424,0.92816,0.93066,0.92713,0.92559,0.92383,0.92211,0.91885,0.92610,0.93600,0.93054,0.93597,0.94343,0.92117,0.92581,0.92416,0.93865,0.92947,0.92913,0.92646,0.92887
Ludacris,0.92792,0.92569,0.92652,0.92328,0.92188,0.92344,0.92948,0.92514,0.92658,0.92110,0.92661,0.92613,0.92423,0.93142,0.93086,0.92654,0.92814,0.92509,0.92393,0.92651,0.92415,0.92269,0.00000,0.92299,0.92814,0.92507,0.92897,0.92756,0.93281,0.92462,0.92920,0.92637,0.92453,0.92442,0.92620,0.92969,0.93136,0.93385,0.93319,0.92689,0.92663,0.93503,0.94055,0.92858,0.92575,0.92572,0.92891,0.93609,0.93386,0.93430,0.92683,0.92669,0.92796,0.93228,0.93950,0.93380,0.93916,0.94589,0.92724,0.93181,0.92834,0.94061,0.93462,0.93046,0.93261,0.93025
Jeezy,0.92544,0.92889,0.92908,0.92460,0.92193,0.92816,0.93193,0.92980,0.92861,0.92723,0.92436,0.92920,0.92336,0.93156,0.92798,0.93186,0.92963,0.93137,0.92081,0.92241,0.92284,0.91852,0.92299,0.00000,0.92053,0.92058,0.93421,0.92767,0.93826,0.92434,0.92993,0.92348,0.92670,0.92276,0.92411,0.92715,0.92062,0.92764,0.92802,0.92364,0.92824,0.92960,0.93378,0.91833,0.91922,0.92493,0.93075,0.92719,0.92618,0.92575,0.92893,0.92618,0.91871,0.92479,0.93324,0.93052,0.93194,0.93972,0.92372,0.92336,0.92607,0.93703,0.92810,0.93126,0.92475,0.93175
Gucci Mane,0.93283,0.93241,0.93341,0.92943,0.92846,0.93277,0.93668,0.93595,0.93617,0.93145,0.92767,0.93198,0.93136,0.93784,0.93414,0.93612,0.93428,0.93479,0.92645,0.92626,0.92688,0.92520,0.92814,0.92053,0.00000,0.92454,0.93891,0.93314,0.94160,0.92868,0.93230,0.92750,0.93091,0.92857,0.92762,0.92785,0.92204,0.92282,0.92856,0.92672,0.92972,0.92625,0.93013,0.92210,0.92724,0.92947,0.93320,0.92434,0.92518,0.92854,0.93041,0.93060,0.92030,0.92485,0.93353,0.92981,0.93040,0.93722,0.92686,0.92229,0.92901,0.93549,0.92970,0.93105,0.92906,0.93315
Rick Ross,0.92664,0.92710,0.92459,0.92137,0.92783,0.92863,0.93099,0.93005,0.92745,0.92832,0.92880,0.93069,0.92560,0.93332,0.93280,0.92784,0.93097,0.93079,0.92475,0.92541,0.92381,0.92115,0.92507,0.92058,0.92454,0.00000,0.93067,0.92366,0.93713,0.92262,0.93015,0.92633,0.92233,0.92224,0.92395,0.92811,0.92331,0.93057,0.93138,0.92535,0.92910,0.93168,0.93981,0.91921,0.91892,0.92674,0.92978,0.93082,0.92945,0.93078,0.92471,0.92611,0.92342,0.93046,0.93582,0.93546,0.93701,0.94481,0.92193,0.92546,0.92973,0.94097,0.93460,0.93234,0.92675,0.93002
Lupe Fiasco,0.93379,0.93363,0.92638,0.92703,0.93349,0.93131,0.93062,0.93058,0.93088,0.92738,0.93670,0.93633,0.92940,0.93874,0.93718,0.93012,0.93500,0.92895,0.93380,0.93226,0.92894,0.92924,0.92897,0.93421,0.93891,0.93067,0.00000,0.92797,0.93123,0.93053,0.93418,0.93205,0.92614,0.92736,0.93315,0.93794,0.93813,0.94214,0.94014,0.93433,0.93194,0.94390,0.95057,0.93519,0.93002,0.93198,0.93179,0.94411,0.94127,0.94252,0.92915,0.92958,0.93553,0.94255,0.94838,0.94474,0.94705,0.95419,0.93287,0.93999,0.93338,0.95069,0.94397,0.93887,0.93795,0.93483
Clipse,0.92977,0.92877,0.92173,0.92236,0.93076,0.93129,0.92708,0.92812,0.92762,0.92712,0.93336,0.93439,0.92772,0.93679,0.93395,0.92809,0.93199,0.92923,0.92683,0.93022,0.92705,0.92503,0.92756,0.92767,0.93314,0.92366,0.92797,0.00000,0.93041,0.92715,0.92818,0.92856,0.92540,0.92385,0.92905,0.93432,0.93232,0.93744,0.93571,0.93035,0.92972,0.93996,0.94597,0.92952,0.92473,0.93014,0.93110,0.93799,0.93564,0.93606,0.92922,0.92941,0.93029,0.93715,0.94315,0.93994,0.94285,0.95067,0.92615,0.93339,0.93011,0.94565,0.93949,0.93568,0.93242,0.93141
MF DOOM,0.93692,0.93124,0.92634,0.93263,0.93687,0.93295,0.92726,0.92921,0.92906,0.93088,0.93938,0.93779,0.93356,0.94031,0.93820,0.93004,0.93666,0.93202,0.93496,0.93673,0.93610,0.93451,0.93281,0.93826,0.94160,0.93713,0.93123,0.93041,0.00000,0.93583,0.93430,0.93747,0.93241,0.93236,0.93727,0.94028,0.94240,0.94452,0.94262,0.93797,0.93654,0.94622,0.95229,0.94025,0.93566,0.93698,0.93719,0.94648,0.94450,0.94502,0.93469,0.93492,0.94034,0.94384,0.95034,0.94500,0.95024,0.95574,0.93615,0.94538,0.93768,0.95070,0.94570,0.94181,0.94082,0.93792
The Game,0.92993,0.92434,0.92388,0.92242,0.92599,0.92490,0.92844,0.92754,0.92722,0.92792,0.92952,0.93030,0.92602,0.93396,0.93110,0.92752,0.93303,0.92682,0.92241,0.92758,0.92386,0.92430,0.92462,0.92434,0.92868,0.92262,0.93053,0.92715,0.93583,0.00000,0.92728,0.92821,0.92466,0.92463,0.92660,0.93175,0.92878,0.93291,0.93362,0.92835,0.92990,0.93524,0.94061,0.92429,0.92448,0.92993,0.92976,0.93185,0.93184,0.93423,0.92684,0.92800,0.92698,0.93151,0.93727,0.93584,0.93861,0.94539,0.92518,0.92876,0.93119,0.94249,0.93591,0.93473,0.92836,0.93317
Cam'ron,0.93477,0.92815,0.92687,0.92643,0.93150,0.92994,0.92854,0.92896,0.92950,0.92927,0.93323,0.93564,0.93174,0.93814,0.93332,0.92837,0.93476,0.93086,0.92760,0.93177,0.92825,0.92888,0.92920,0.92993,0.93230,0.93015,0.93418,0.92818,0.93430,0.92728,0.00000,0.93218,0.93114,0.92969,0.93057,0.93363,0.93362,0.93782,0.93874,0.93227,0.93199,0.93894,0.94236,0.93116,0.93073,0.93386,0.93373,0.93829,0.93537,0.93803,0.93097,0.93207,0.93259,0.93520,0.94211,0.93986,0.94132,0.94778,0.93153,0.93661,0.93330,0.94428,0.93917,0.93774,0.93349,0.93546
Drake,0.92228,0.93003,0.92811,0.92366,0.92620,0.93001,0.93462,0.93164,0.92879,0.92739,0.92890,0.93165,0.92204,0.93131,0.92341,0.93077,0.92734,0.92432,0.92486,0.92385,0.91635,0.92081,0.92637,0.92348,0.92750,0.92633,0.93205,0.92856,0.93747,0.92821,0.93218,0.00000,0.92035,0.91628,0.92843,0.92678,0.92351,0.93307,0.92452,0.92520,0.92169,0.93282,0.93827,0.92136,0.92004,0.91777,0.92657,0.93087,0.92396,0.92510,0.92829,0.92440,0.91960,0.92595,0.93666,0.92759,0.93285,0.94206,0.91976,0.92588,0.91554,0.93452,0.92713,0.92688,0.92440,0.92411
Kendrick Lamar,0.92418,0.92899,0.92158,0.92134,0.92690,0.92605,0.93094,0.92893,0.92558,0.92399,0.93099,0.93162,0.92182,0.93232,0.92990,0.92619,0.92941,0.92279,0.92696,0.92607,0.91999,0.92132,0.92453,0.92670,0.93091,0.92233,0.92614,0.92540,0.93241,0.92466,0.93114,0.92035,0.00000,0.91608,0.92499,0.93185,0.92800,0.93492,0.93104,0.92792,0.92353,0.93695,0.94344,0.92646,0.92019,0.92254,0.92724,0.93463,0.93052,0.93070,0.92161,0.92153,0.92524,0.93121,0.94044,0.93406,0.93982,0.94562,0.91975,0.92968,0.92438,0.94121,0.93304,0.93038,0.92836,0.92552
J. Cole,0.91854,0.92565,0.92102,0.92003,0.92155,0.92584,0.93160,0.92695,0.92393,0.92278,0.92634,0.92768,0.91755,0.92796,0.92340,0.92548,0.92700,0.92358,0.92193,0.92234,0.91673,0.91811,0.92442,0.92276,0.92857,0.92224,0.92736,0.92385,0.93236,0.92463,0.92969,0.91628,0.91608,0.00000,0.92330,0.92812,0.92491,0.93234,0.92825,0.92431,0.92124,0.93398,0.93913,0.92103,0.91796,0.91848,0.92602,0.93205,0.92555,0.92623,0.92156,0.91961,0.92012,0.92718,0.93664,0.93050,0.93535,0.94293,0.91650,0.92620,0.91875,0.93686,0.92871,0.92771,0.92495,0.92535
ScHoolboy Q,0.92868,0.92863,0.92873,0.92554,0.92562,0.92912,0.93313,0.92906,0.92859,0.92774,0.92917,0.92972,0.92623,0.93305,0.93306,0.92997,0.93301,0.93304,0.92404,0.92625,0.92614,0.92347,0.92620,0.92411,0.92762,0.92395,0.93315,0.92905,0.93727,0.92660,0.93057,0.92843,0.92499,0.92330,0.00000,0.93185,0.92560,0.93173,0.92964,0.92368,0.92804,0.93273,0.93706,0.92526,0.92316,0.92689,0.92813,0.93049,0.92843,0.93048,0.92705,0.92650,0.92406,0.93043,0.93787,0.93343,0.93630,0.94283,0.92206,0.92693,0.92884,0.94097,0.93436,0.93067,0.92911,0.93174
Nicki Minaj,0.93479,0.93358,0.93323,0.92959,0.92994,0.93286,0.93655,0.93381,0.93503,0.93359,0.93326,0.93472,0.93360,0.93831,0.93351,0.93562,0.93275,0.93338,0.92796,0.92709,0.92621,0.92776,0.92969,0.92715,0.92785,0.92811,0.93794,0.93432,0.94028,0.93175,0.93363,0.92678,0.93185,0.92812,0.93185,0.00000,0.92855,0.93212,0.93232,0.92901,0.93036,0.93352,0.93893,0.92564,0.92920,0.92988,0.93299,0.93354,0.93027,0.93210,0.93184,0.93133,0.92431,0.93026,0.93479,0.92846,0.93510,0.94270,0.92881,0.92908,0.92984,0.93063,0.93108,0.92962,0.93127,0.93386
Future,0.92933,0.93367,0.93232,0.92866,0.92829,0.93358,0.93635,0.93465,0.93335,0.93354,0.92979,0.93212,0.93065,0.93567,0.93178,0.93467,0.93311,0.93535,0.92640,0.92603,0.92587,0.92462,0.93136,0.92062,0.92204,0.92331,0.93813,0.93232,0.94240,0.92878,0.93362,0.92351,0.92800,0.92491,0.92560,0.92855,0.00000,0.91995,0.92156,0.92512,0.92985,0.92027,0.93107,0.91789,0.92277,0.92666,0.93263,0.91877,0.92002,0.92172,0.92965,0.92814,0.91345,0.92229,0.92889,0.92798,0.92684,0.93122,0.92259,0.91221,0.92724,0.93350,0.92669,0.92834,0.92498,0.93173
Migos,0.93724,0.93755,0.93863,0.93508,0.93406,0.93688,0.93940,0.93965,0.93839,0.93756,0.93417,0.93719,0.93711,0.93983,0.93732,0.93920,0.93734,0.94053,0.93110,0.93013,0.93420,0.93073,0.93385,0.92764,0.92282,0.93057,0.94214,0.93744,0.94452,0.93291,0.93782,0.93307,0.93492,0.93234,0.93173,0.93212,0.91995,0.00000,0.92798,0.93010,0.93535,0.92416,0.93362,0.92462,0.93134,0.93355,0.93737,0.92403,0.92697,0.92893,0.93221,0.93308,0.92135,0.92703,0.92921,0.93126,0.92864,0.93467,0.92957,0.92022,0.93343,0.93628,0.93195,0.93347,0.92838,0.93689
Travis Scott,0.93211,0.93629,0.93692,0.93343,0.93116,0.93684,0.93936,0.93849,0.93559,0.93450,0.93494,0.93494,0.93400,0.93833,0.93448,0.93838,0.93371,0.93706,0.93164,0.93021,0.92748,0.93006,0.93319,0.92802,0.92856,0.93138,0.94014,0.93571,0.94262,0.93362,0.93874,0.92452,0.93104,0.92825,0.92964,0.93232,0.92156,0.92798,0.00000,0.92788,0.93202,0.92807,0.93656,0.92732,0.92884,0.92600,0.93325,0.92823,0.92808,0.92807,0.93283,0.93166,0.92354,0.92748,0.93223,0.93007,0.93159,0.93669,0.92742,0.92291,0.92715,0.93445,0.93024,0.92881,0.92952,0.93424
A$AP Rocky,0.92704,0.92927,0.93009,0.92562,0.92543,0.93150,0.93366,0.93147,0.93061,0.92822,0.92680,0.92953,0.92645,0.93281,0.93055,0.93217,0.93027,0.93249,0.92464,0.92459,0.92527,0.92367,0.92689,0.92364,0.92672,0.92535,0.93433,0.93035,0.93797,0.92835,0.93227,0.92520,0.92792,0.92431,0.92368,0.92901,0.92512,0.93010,0.92788,0.00000,0.92714,0.93036,0.93574,0.92345,0.92332,0.92518,0.93095,0.92891,0.92961,0.92990,0.92758,0.92696,0.92440,0.92940,0.93443,0.93164,0.93418,0.93989,0.92483,0.92720,0.92815,0.93727,0.93187,0.92944,0.92825,0.93322
"Tyler, The Creator",0.93001,0.93049,0.92994,0.92524,0.92867,0.92872,0.93334,0.93170,0.93070,0.92636,0.93162,0.93251,0.92537,0.93647,0.92903,0.93127,0.93113,0.92456,0.92773,0.92475,0.92247,0.92475,0.92663,0.92824,0.92972,0.92910,0.93194,0.92972,0.93654,0.92990,0.93199,0.92169,0.92353,0.92124,0.92804,0.93036,0.92985,0.93535,0.93202,0.92714,0.00000,0.93448,0.94059,0.92728,0.92548,0.92314,0.92769,0.93462,0.93047,0.93166,0.92776,0.92597,0.92562,0.93085,0.93969,0.93109,0.93695,0.94338,0.92552,0.93165,0.92318,0.93800,0.93097,0.92926,0.93045,0.92873
Young Thug,0.93727,0.93893,0.94060,0.93682,0.93446,0.93780,0.94188,0.94017,0.94009,0.93842,0.93468,0.93708,0.93733,0.94183,0.93569,0.94149,0.93837,0.93984,0.93330,0.93030,0.93267,0.93149,0.93503,0.92960,0.92625,0.93168,0.94390,0.93996,0.94622,0.93524,0.93894,0.93282,0.93695,0.93398,0.93273,0.93352,0.92027,0.92416,0.92807,0.93036,0.93448,0.00000,0.93117,0.92676,0.93240,0.93381,0.93814,0.92298,0.92640,0.92468,0.93594,0.93573,0.92088,0.92214,0.92776,0.92893,0.92476,0.93084,0.93043,0.91994,0.93332,0.93442,0.92839,0.93321,0.93119,0.93871
Chief Keef,0.94093,0.94292,0.94524,0.94276,0.93930,0.94244,0.94730,0.94484,0.94349,0.94331,0.93881,0.93963,0.94172,0.94427,0.94014,0.94517,0.94317,0.94567,0.93556,0.93651,0.93966,0.93669,0.94055,0.93378,0.93013,0.93981,0.95057,0.94597,0.95229,0.94061,0.94236,0.93827,0.94344,0.93913,0.93706,0.93893,0.93107,0.93362,0.93656,0.93574,0.94059,0.93117,0.00000,0.93160,0.93771,0.93977,0.94340,0.93017,0.92892,0.92893,0.94082,0.94138,0.93024,0.92929,0.92879,0.93306,0.92928,0.93126,0.93272,0.93164,0.93939,0.93650,0.92963,0.93853,0.93624,0.94556
Meek Mill,0.92705,0.93074,0.92919,0.92516,0.92554,0.93049,0.93352,0.93270,0.93018,0.93018,0.92698,0.93106,0.92640,0.93247,0.92744,0.93306,0.93115,0.93312,0.92168,0.92333,0.92176,0.92085,0.92858,0.91833,0.92210,0.91921,0.93519,0.92952,0.94025,0.92429,0.93116,0.92136,0.92646,0.92103,0.92526,0.92564,0.91789,0.92462,0.92732,0.92345,0.92728,0.92676,0.93160,0.00000,0.91918,0.92577,0.92977,0.92378,0.91936,0.92185,0.92688,0.92599,0.91397,0.92347,0.92692,0.92770,0.92904,0.93813,0.91651,0.91559,0.92537,0.93424,0.92646,0.93016,0.92244,0.93149
Nipsey Hussle,0.92358,0.92848,0.92386,0.91998,0.92462,0.92744,0.93199,0.92888,0.92473,0.92634,0.92656,0.92951,0.92046,0.92983,0.92876,0.92791,0.92729,0.92961,0.92164,0.92482,0.92068,0.91805,0.92575,0.91922,0.92724,0.91892,0.93002,0.92473,0.93566,0.92448,0.93073,0.92004,0.92019,0.91796,0.92316,0.92920,0.92277,0.93134,0.92884,0.92332,0.92548,0.93240,0.93771,0.91918,0.00000,0.92297,0.92798,0.93076,0.92589,0.92705,0.92397,0.92315,0.91909,0.92775,0.93478,0.93180,0.93600,0.94316,0.91767,0.92426,0.92319,0.93796,0.93033,0.92819,0.92165,0.92784
Mac Miller,0.92287,0.93075,0.92774,0.92596,0.92504,0.92991,0.93510,0.93209,0.92870,0.92680,0.92990,0.93039,0.92408,0.93096,0.92572,0.93079,0.92851,0.92411,0.92638,0.92278,0.91939,0.92424,0.92572,0.92493,0.92947,0.92674,0.93198,0.93014,0.93698,0.92993,0.93386,0.91777,0.92254,0.91848,0.92689,0.92988,0.92666,0.93355,0.92600,0.92518,0.92314,0.93381,0.93977,0.92577,0.92297,0.00000,0.92713,0.93443,0.92919,0.92723,0.92730,0.92422,0.92261,0.92887,0.93798,0.93040,0.93416,0.94134,0.92223,0.92868,0.91916,0.93613,0.93087,0.92687,0.92785,0.92737
Chance the Rapper,0.93320,0.93328,0.92985,0.92691,0.93094,0.93029,0.93340,0.93324,0.93321,0.92909,0.93442,0.93547,0.92803,0.93841,0.93526,0.93259,0.93435,0.93010,0.93176,0.93014,0.92477,0.92816,0.92891,0.93075,0.93320,0.92978,0.93179,0.93110,0.93719,0.92976,0.93373,0.92657,0.92724,0.92602,0.92813,0.93299,0.93263,0.93737,0.93325,0.93095,0.92769,0.93814,0.94340,0.92977,0.92798,0.92713,0.00000,0.93778,0.93332,0.93692,0.92838,0.92702,0.92912,0.93525,0.94249,0.93670,0.94013,0.94778,0.92728,0.93458,0.92634,0.94212,0.93689,0.93332,0.93498,0.93166
21 Savage,0.93475,0.93715,0.93888,0.93679,0.93370,0.93698,0.94121,0.93977,0.93773,0.93844,0.93310,0.93566,0.93499,0.93988,0.93518,0.93939,0.93928,0.94049,0.93045,0.93012,0.93249,0.93066,0.93609,0.92719,0.92434,0.93082,0.94411,0.93799,0.94648,0.93185,0.93829,0.93087,0.93463,0.93205,0.93049,0.93354,0.91877,0.92403,0.92823,0.92891,0.93462,0.92298,0.93017,0.92378,0.93076,0.93443,0.93778,0.00000,0.92226,0.92285,0.93532,0.93209,0.91778,0.92019,0.92676,0.92692,0.92677,0.93215,0.92483,0.91922,0.93330,0.93493,0.92603,0.93259,0.92828,0.93722
Lil Durk,0.92992,0.93528,0.93393,0.93192,0.93244,0.93544,0.93949,0.93754,0.93449,0.93516,0.93180,0.93361,0.92946,0.93619,0.93028,0.93731,0.93542,0.93563,0.92865,0.92836,0.92680,0.92713,0.93386,0.92618,0.92518,0.92945,0.94127,0.93564,0.94450,0.93184,0.93537,0.92396,0.93052,0.92555,0.92843,0.93027,0.92002,0.92697,0.92808,0.92961,0.93047,0.92640,0.92892,0.91936,0.92589,0.92919,0.93332,0.92226,0.00000,0.91869,0.93263,0.92928,0.91394,0.92085,0.92782,0.92654,0.92930,0.93413,0.91536,0.91841,0.92853,0.93178,0.92279,0.93127,0.92426,0.93088
YoungBoy Never Broke Again,0.92783,0.93645,0.93632,0.93470,0.93163,0.93582,0.94198,0.93807,0.93477,0.93514,0.93132,0.93292,0.92809,0.93414,0.92801,0.93824,0.93531,0.93535,0.92736,0.92837,0.92837,0.92559,0.93430,0.92575,0.92854,0.93078,0.94252,0.93606,0.94502,0.93423,0.93803,0.92510,0.93070,0.92623,0.93048,0.93210,0.92172,0.92893,0.92807,0.92990,0.93166,0.92468,0.92893,0.92185,0.92705,0.92723,0.93692,0.92285,0.91869,0.00000,0.93291,0.93005,0.91594,0.91755,0.92681,0.92447,0.92721,0.93277,0.91696,0.92227,0.92878,0.92979,0.92105,0.93105,0.92559,0.93278
Denzel Curry,0.92685,0.92900,0.92568,0.92508,0.92754,0.92625,0.93094,0.92682,0.92600,0.92671,0.93089,0.92882,0.92383,0.93270,0.93234,0.92768,0.93070,0.92778,0.92703,0.92871,0.92623,0.92383,0.92683,0.92893,0.93041,0.92471,0.92915,0.92922,0.93469,0.92684,0.93097,0.92829,0.92161,0.92156,0.92705,0.93184,0.92965,0.93221,0.93283,0.92758,0.92776,0.93594,0.94082,0.92688,0.92397,0.92730,0.92838,0.93532,0.93263,0.93291,0.00000,0.92403,0.92880,0.93281,0.93861,0.93466,0.93770,0.94402,0.92370,0.93126,0.92879,0.94042,0.93502,0.93072,0.93016,0.93098
JID,0.92666,0.92998,0.92610,0.92535,0.92699,0.92868,0.93201,0.92792,0.92630,0.92525,0.93021,0.93036,0.92400,0.93093,0.92861,0.92857,0.92890,0.92695,0.92545,0.92612,0.92341,0.92211,0.92669,0.92618,0.93060,0.92611,0.92958,0.92941,0.93492,0.92800,0.93207,0.92440,0.92153,0.91961,0.92650,0.93133,0.92814,0.93308,0.93166,0.92696,0.92597,0.93573,0.94138,0.92599,0.92315,0.92422,0.92702,0.93209,0.92928,0.93005,0.92403,0.00000,0.92339,0.92923,0.93777,0.93297,0.93824,0.94312,0.92095,0.93027,0.92527,0.93899,0.93232,0.93067,0.92734,0.92879
Lil Baby,0.92839,0.93255,0.92967,0.92621,0.92671,0.93073,0.93494,0.93427,0.92914,0.93047,0.92734,0.93010,0.92665,0.93265,0.92866,0.93217,0.93156,0.93108,0.92297,0.92315,0.92172,0.91885,0.92796,0.91871,0.92030,0.92342,0.93553,0.93029,0.94034,0.92698,0.93259,0.91960,0.92524,0.92012,0.92406,0.92431,0.91345,0.92135,0.92354,0.92440,0.92562,0.92088,0.93024,0.91397,0.91909,0.92261,0.92912,0.91778,0.91394,0.91594,0.92880,0.92339,0.00000,0.91678,0.92659,0.92283,0.92578,0.93155,0.91077,0.91065,0.92131,0.92844,0.92045,0.92790,0.91973,0.92325
DaBaby,0.93183,0.93581,0.93674,0.93350,0.92938,0.93368,0.93975,0.93743,0.93593,0.93466,0.92989,0.93440,0.93191,0.93716,0.92916,0.93818,0.93450,0.93543,0.92801,0.92722,0.92663,0.92610,0.93228,0.92479,0.92485,0.93046,0.94255,0.93715,0.94384,0.93151,0.93520,0.92595,0.93121,0.92718,0.93043,0.93026,0.92229,0.92703,0.92748,0.92940,0.93085,0.92214,0.92929,0.92347,0.92775,0.92887,0.93525,0.92019,0.92085,0.91755,0.93281,0.92923,0.91678,0.00000,0.92476,0.91861,0.92667,0.93005,0.92310,0.92035,0.92693,0.92602,0.91838,0.92896,0.92399,0.93283
Pop Smoke,0.93982,0.94058,0.94308,0.94027,0.93738,0.94182,0.94494,0.94275,0.94109,0.94360,0.93896,0.94062,0.94143,0.94287,0.93717,0.94324,0.93983,0.94530,0.93338,0.93556,0.93625,0.93600,0.93950,0.93324,0.93353,0.93582,0.94838,0.94315,0.95034,0.93727,0.94211,0.93666,0.94044,0.93664,0.93787,0.93479,0.92889,0.92921,0.93223,0.93443,0.93969,0.92776,0.92879,0.92692,0.93478,0.93798,0.94249,0.92676,0.92782,0.92681,0.93861,0.93777,0.92659,0.92476,0.00000,0.93075,0.92944,0.93306,0.93058,0.92600,0.93682,0.92815,0.93002,0.93649,0.93042,0.94036
Megan Thee Stallion,0.93311,0.93734,0.93939,0.93625,0.93214,0.93679,0.94258,0.93910,0.93766,0.93635,0.93371,0.93488,0.93502,0.93913,0.93187,0.94075,0.93563,0.93737,0.93142,0.93014,0.93157,0.93054,0.93380,0.93052,0.92981,0.93546,0.94474,0.93994,0.94500,0.93584,0.93986,0.92759,0.93406,0.93050,0.93343,0.92846,0.92798,0.93126,0.93007,0.93164,0.93109,0.92893,0.93306,0.92770,0.93180,0.93040,0.93670,0.92692,0.92654,0.92447,0.93466,0.93297,0.92283,0.91861,0.93075,0.00000,0.93006,0.93535,0.92856,0.92689,0.92957,0.92336,0.91613,0.92653,0.93036,0.93646
Lil Uzi Vert,0.94007,0.94256,0.94399,0.94004,0.93860,0.94174,0.94590,0.94484,0.94338,0.94190,0.93988,0.94167,0.94162,0.94531,0.93870,0.94547,0.94157,0.94360,0.93690,0.93419,0.93472,0.93597,0.93916,0.93194,0.93040,0.93701,0.94705,0.94285,0.95024,0.93861,0.94132,0.93285,0.93982,0.93535,0.93630,0.93510,0.92684,0.92864,0.93159,0.93418,0.93695,0.92476,0.92928,0.92904,0.93600,0.93416,0.94013,0.92677,0.92930,0.92721,0.93770,0.93824,0.92578,0.92667,0.92944,0.93006,0.00000,0.92669,0.93378,0.92547,0.93509,0.93041,0.93006,0.93529,0.93415,0.93993
Playboi Carti,0.94591,0.94787,0.95021,0.94756,0.94388,0.94835,0.95127,0.94985,0.94848,0.94883,0.94376,0.94472,0.94692,0.94924,0.94443,0.95160,0.94686,0.95011,0.94269,0.93935,0.94226,0.94343,0.94589,0.93972,0.93722,0.94481,0.95419,0.95067,0.95574,0.94539,0.94778,0.94206,0.94562,0.94293,0.94283,0.94270,0.93122,0.93467,0.93669,0.93989,0.94338,0.93084,0.93126,0.93813,0.94316,0.94134,0.94778,0.93215,0.93413,0.93277,0.94402,0.94312,0.93155,0.93005,0.93306,0.93535,0.92669,0.00000,0.93855,0.93255,0.94223,0.93492,0.93465,0.94135,0.94049,0.94615
Polo G,0.92376,0.92873,0.92493,0.92454,0.92825,0.92925,0.93269,0.93083,0.92366,0.92872,0.92921,0.92880,0.91994,0.93002,0.92707,0.92882,0.92959,0.92797,0.92352,0.92576,0.92131,0.92117,0.92724,0.92372,0.92686,0.92193,0.93287,0.92615,0.93615,0.92518,0.93153,0.91976,0.91975,0.91650,0.92206,0.92881,0.92259,0.92957,0.92742,0.92483,0.92552,0.93043,0.93272,0.91651,0.91767,0.92223,0.92728,0.92483,0.91536,0.91696,0.92370,0.92095,0.91077,0.92310,0.93058,0.92856,0.93378,0.93855,0.00000,0.91803,0.92284,0.93376,0.92230,0.92963,0.92187,0.92267
Roddy Ricch,0.93161,0.93542,0.93474,0.93100,0.92982,0.93450,0.93894,0.93872,0.93486,0.93604,0.93067,0.93467,0.93089,0.93801,0.93413,0.93778,0.93574,0.93847,0.92870,0.92753,0.92632,0.92581,0.93181,0.92336,0.92229,0.92546,0.93999,0.93339,0.94538,0.92876,0.93661,0.92588,0.92968,0.92620,0.92693,0.92908,0.91221,0.92022,0.92291,0.92720,0.93165,0.91994,0.93164,0.91559,0.92426,0.92868,0.93458,0.91922,0.91841,0.92227,0.93126,0.93027,0.91065,0.92035,0.92600,0.92689,0.92547,0.93255,0.91803,0.00000,0.92699,0.93299,0.92456,0.92946,0.92349,0.93178
Jack Harlow,0.92732,0.93307,0.93064,0.92646,0.92746,0.93155,0.93619,0.93347,0.93133,0.92755,0.93102,0.93362,0.92656,0.93534,0.92943,0.93370,0.93050,0.92757,0.92782,0.92678,0.91997,0.92416,0.92834,0.92607,0.92901,0.92973,0.93338,0.93011,0.93768,0.93119,0.93330,0.91554,0.92438,0.91875,0.92884,0.92984,0.92724,0.93343,0.92715,0.92815,0.92318,0.93332,0.93939,0.92537,0.92319,0.91916,0.92634,0.93330,0.92853,0.92878,0.92879,0.92527,0.92131,0.92693,0.93682,0.92957,0.93509,0.94223,0.92284,0.92699,0.00000,0.93524,0.92948,0.92804,0.92888,0.92654
Ice Spice,0.94115,0.94249,0.94457,0.94063,0.93922,0.94405,0.94775,0.94554,0.94481,0.94349,0.94200,0.94336,0.94310,0.94468,0.93865,0.94565,0.94192,0.94295,0.93733,0.93698,0.93660,0.93865,0.94061,0.93703,0.93549,0.94097,0.95069,0.94565,0.95070,0.94249,0.94428,0.93452,0.94121,0.93686,0.94097,0.93063,0.93350,0.93628,0.93445,0.93727,0.93800,0.93442,0.93650,0.93424,0.93796,0.93613,0.94212,0.93493,0.93178,0.92979,0.94042,0.93899,0.92844,0.92602,0.92815,0.92336,0.93041,0.93492,0.93376,0.93299,0.93524,0.00000,0.92356,0.93303,0.93558,0.93884
GloRilla,0.93277,0.93757,0.93972,0.93530,0.93245,0.93714,0.94258,0.93943,0.93766,0.93681,0.93285,0.93610,0.93323,0.93793,0.93035,0.94064,0.93595,0.93717,0.93145,0.93054,0.93039,0.92947,0.93462,0.92810,0.92970,0.93460,0.94397,0.93949,0.94570,0.93591,0.93917,0.92713,0.93304,0.92871,0.93436,0.93108,0.92669,0.93195,0.93024,0.93187,0.93097,0.92839,0.92963,0.92646,0.93033,0.93087,0.93689,0.92603,0.92279,0.92105,0.93502,0.93232,0.92045,0.91838,0.93002,0.91613,0.93006,0.93465,0.92230,0.92456,0.92948,0.92356,0.00000,0.92913,0.92924,0.93601
Doechii,0.93196,0.93633,0.93661,0.93309,0.93060,0.93536,0.93869,0.93624,0.93643,0.93229,0.93352,0.93640,0.93209,0.93684,0.93314,0.93623,0.93255,0.93294,0.93108,0.92912,0.92811,0.92913,0.93046,0.93126,0.93105,0.93234,0.93887,0.93568,0.94181,0.93473,0.93774,0.92688,0.93038,0.92771,0.93067,0.92962,0.92834,0.93347,0.92881,0.92944,0.92926,0.93321,0.93853,0.93016,0.92819,0.92687,0.93332,0.93259,0.93127,0.93105,0.93072,0.93067,0.92790,0.92896,0.93649,0.92653,0.93529,0.94135,0.92963,0.92946,0.92804,0.93303,0.92913,0.00000,0.93244,0.93463
Conway the Machine,0.93045,0.93250,0.92996,0.92933,0.93057,0.93340,0.93545,0.93409,0.93055,0.93403,0.93155,0.93383,0.92995,0.93552,0.92869,0.93301,0.93148,0.93279,0.92566,0.92831,0.92678,0.92646,0.93261,0.92475,0.92906,0.92675,0.93795,0.93242,0.94082,0.92836,0.93349,0.92440,0.92836,0.92495,0.92911,0.93127,0.92498,0.92838,0.92952,0.92825,0.93045,0.93119,0.93624,0.92244,0.92165,0.92785,0.93498,0.92828,0.92426,0.92559,0.93016,0.92734,0.91973,0.92399,0.93042,0.93036,0.93415,0.94049,0.92187,0.92349,0.92888,0.93558,0.92924,0.93244,0.00000,0.93148
Central Cee,0.93279,0.93380,0.93045,0.92834,0.93337,0.93362,0.93673,0.93517,0.93219,0.93130,0.93623,0.93776,0.92981,0.93810,0.93481,0.93366,0.93611,0.92870,0.93130,0.93286,0.92642,0.92887,0.93025,0.93175,0.93315,0.93002,0.93483,0.93141,0.93792,0.93317,0.93546,0.92411,0.92552,0.92535,0.93174,0.93386,0.93173,0.93689,0.93424,0.93322,0.92873,0.93871,0.94556,0.93149,0.92784,0.92737,0.93166,0.93722,0.93088,0.93278,0.93098,0.92879,0.92325,0.93283,0.94036,0.93646,0.93993,0.94615,0.92267,0.93178,0.92654,0.93884,0.93601,0.93463,0.93148,0.00000
